<?xml version="1.0" encoding="UTF-8"?><?xml-stylesheet type='text/xsl' href='_UpgradeReport_Files/UpgradeReport.xslt'?><UpgradeLog>
<Properties><Property Name="Solution" Value="FinalProject">
</Property><Property Name="Solution File" Value="E:\COMP 3030\FinalProject\Backup\FinalProject.sln">
</Property><Property Name="User Options File" Value="E:\COMP 3030\FinalProject\Backup\FinalProject.suo">
</Property><Property Name="Date" Value="Monday, May 03, 2010">
</Property><Property Name="Time" Value="15:29 PM">
</Property></Properties><Event ErrorLevel="0" Project="" Source="FinalProject.sln" Description="File successfully backed up as E:\COMP 3030\FinalProject\Backup\Backup\FinalProject.sln">
</Event><Event ErrorLevel="0" Project="" Source="FinalProject.suo" Description="File successfully backed up as E:\COMP 3030\FinalProject\Backup\Backup\FinalProject.suo">
</Event><Event ErrorLevel="0" Project="FinalProject" Source="FinalProject\FinalProject.csproj" Description="Project file successfully backed up as E:\COMP 3030\FinalProject\Backup\Backup\FinalProject\FinalProject.csproj">
</Event><Event ErrorLevel="0" Project="FinalProject" Source="FinalProject\EntranceForm.cs" Description="File successfully backed up as E:\COMP 3030\FinalProject\Backup\Backup\FinalProject\EntranceForm.cs">
</Event><Event ErrorLevel="0" Project="FinalProject" Source="FinalProject\EntranceForm.Designer.cs" Description="File successfully backed up as E:\COMP 3030\FinalProject\Backup\Backup\FinalProject\EntranceForm.Designer.cs">
</Event><Event ErrorLevel="0" Project="FinalProject" Source="FinalProject\Help.cs" Description="File successfully backed up as E:\COMP 3030\FinalProject\Backup\Backup\FinalProject\Help.cs">
</Event><Event ErrorLevel="0" Project="FinalProject" Source="FinalProject\Help.Designer.cs" Description="File successfully backed up as E:\COMP 3030\FinalProject\Backup\Backup\FinalProject\Help.Designer.cs">
</Event><Event ErrorLevel="0" Project="FinalProject" Source="FinalProject\MainForm.cs" Description="File successfully backed up as E:\COMP 3030\FinalProject\Backup\Backup\FinalProject\MainForm.cs">
</Event><Event ErrorLevel="0" Project="FinalProject" Source="FinalProject\MainForm.Designer.cs" Description="File successfully backed up as E:\COMP 3030\FinalProject\Backup\Backup\FinalProject\MainForm.Designer.cs">
</Event><Event ErrorLevel="0" Project="FinalProject" Source="FinalProject\Program.cs" Description="File successfully backed up as E:\COMP 3030\FinalProject\Backup\Backup\FinalProject\Program.cs">
</Event><Event ErrorLevel="0" Project="FinalProject" Source="FinalProject\Properties\AssemblyInfo.cs" Description="File successfully backed up as E:\COMP 3030\FinalProject\Backup\Backup\FinalProject\Properties\AssemblyInfo.cs">
</Event><Event ErrorLevel="0" Project="FinalProject" Source="FinalProject\Properties\Resources.Designer.cs" Description="File successfully backed up as E:\COMP 3030\FinalProject\Backup\Backup\FinalProject\Properties\Resources.Designer.cs">
</Event><Event ErrorLevel="0" Project="FinalProject" Source="FinalProject\Properties\Settings.Designer.cs" Description="File successfully backed up as E:\COMP 3030\FinalProject\Backup\Backup\FinalProject\Properties\Settings.Designer.cs">
</Event><Event ErrorLevel="0" Project="FinalProject" Source="FinalProject\Properties\Settings.settings" Description="File successfully backed up as E:\COMP 3030\FinalProject\Backup\Backup\FinalProject\Properties\Settings.settings">
</Event><Event ErrorLevel="0" Project="FinalProject" Source="FinalProject\EntranceForm.resx" Description="File successfully backed up as E:\COMP 3030\FinalProject\Backup\Backup\FinalProject\EntranceForm.resx">
</Event><Event ErrorLevel="0" Project="FinalProject" Source="FinalProject\Help.resx" Description="File successfully backed up as E:\COMP 3030\FinalProject\Backup\Backup\FinalProject\Help.resx">
</Event><Event ErrorLevel="0" Project="FinalProject" Source="FinalProject\MainForm.resx" Description="File successfully backed up as E:\COMP 3030\FinalProject\Backup\Backup\FinalProject\MainForm.resx">
</Event><Event ErrorLevel="0" Project="FinalProject" Source="FinalProject\Properties\Resources.resx" Description="File successfully backed up as E:\COMP 3030\FinalProject\Backup\Backup\FinalProject\Properties\Resources.resx">
</Event><Event ErrorLevel="0" Project="FinalProject" Source="FinalProject\FinalProject.csproj" Description="Project converted successfully">
</Event><Event ErrorLevel="3" Project="FinalProject" Source="FinalProject\FinalProject.csproj" Description="Converted">
</Event><Event ErrorLevel="0" Project="" Source="FinalProject.sln" Description="Solution converted successfully">
</Event><Event ErrorLevel="3" Project="" Source="FinalProject.sln" Description="Converted">
</Event><Event ErrorLevel="0" Project="FinalProject" Source="FinalProject\FinalProject.csproj" Description="Scan complete: Upgrade not required for project files.">
</Event></UpgradeLog>